IIG ID,Values
IIG_001,1
IIG_2435,1
IIG_2437,1
IIG_2438,1
IIG_2439,1
IIG_2440,1
IIG_2441,1
IIG_2442,1
IIG_2443,1
IIG_2444,1
IIG_2445,1
IIG_2446,1
IIG_2447,1
IIG_2448,1
IIG_2449,1
IIG_2450,1
IIG_2451,1
IIG_2452,1
IIG_2453,1
IIG_2454,1
IIG_2455,1
IIG_2456,1
IIG_2457,1
IIG_2458,1
IIG_2459,1
IIG_2460,1
IIG_2461,1
IIG_2436,1
IIG_2434,1
IIG_2520,1
IIG_2433,1
IIG_2408,1
IIG_2409,1
IIG_2410,1
IIG_2411,1
IIG_2412,1
IIG_2413,1
IIG_2414,1
IIG_2415,1
IIG_2416,1
IIG_2417,1
IIG_2418,1
IIG_2419,1
IIG_2420,1
IIG_2421,1
IIG_2422,1
IIG_2423,1
IIG_2424,1
IIG_2425,1
IIG_2426,1
IIG_2427,1
IIG_2428,1
IIG_2429,1
IIG_2430,1
IIG_2431,1
IIG_2432,1
IIG_2462,1
IIG_2463,1
IIG_2464,1
IIG_2465,1
IIG_2494,1
IIG_2495,1
IIG_2496,1
IIG_2497,1
IIG_2498,1
IIG_2499,1
IIG_2500,1
IIG_2501,1
IIG_2502,1
IIG_2503,1
IIG_2504,1
IIG_2505,1
IIG_2506,1
IIG_2507,1
IIG_2508,1
IIG_2509,1
IIG_2510,1
IIG_2511,1
IIG_2512,1
IIG_2513,1
IIG_2514,1
IIG_2515,1
IIG_2516,1
IIG_2517,1
IIG_2518,1
IIG_2493,1
IIG_2492,1
IIG_2491,1
IIG_2477,1
IIG_2466,1
IIG_2467,1
IIG_2468,1
IIG_2469,1
IIG_2470,1
IIG_2471,1
IIG_2472,1
IIG_2473,1
IIG_2474,1
IIG_2475,1
IIG_2476,1
IIG_2478,1
IIG_2490,1
IIG_2479,1
IIG_2480,1
IIG_2481,1
IIG_2482,1
IIG_2483,1
IIG_2484,1
IIG_2485,1
IIG_2486,1
IIG_2487,1
IIG_2488,1
IIG_2489,1
IIG_2407,1
IIG_2406,1
IIG_2405,1
IIG_2348,1
IIG_2322,1
IIG_2323,1
IIG_2324,1
IIG_2325,1
IIG_2326,1
IIG_2327,1
IIG_2328,1
IIG_2329,1
IIG_2330,1
IIG_2331,1
IIG_2332,1
IIG_2333,1
IIG_2334,1
IIG_2335,1
IIG_2336,1
IIG_2337,1
IIG_2338,1
IIG_2339,1
IIG_2340,1
IIG_2341,1
IIG_2342,1
IIG_2343,1
IIG_2344,1
IIG_2345,1
IIG_2346,1
IIG_2321,1
IIG_2320,1
IIG_2319,1
IIG_2305,1
IIG_2294,1
IIG_2295,1
IIG_2296,1
IIG_2297,1
IIG_2298,1
IIG_2299,1
IIG_2300,1
IIG_2301,1
IIG_2302,1
IIG_2303,1
IIG_2304,1
IIG_2306,1
IIG_2318,1
IIG_2307,1
IIG_2308,1
IIG_2309,1
IIG_2310,1
IIG_2311,1
IIG_2312,1
IIG_2313,1
IIG_2314,1
IIG_2315,1
IIG_2316,1
IIG_2317,1
IIG_2347,1
IIG_2349,1
IIG_2404,1
IIG_2350,1
IIG_2379,1
IIG_2380,1
IIG_2381,1
IIG_2382,1
IIG_2383,1
IIG_2384,1
IIG_2385,1
IIG_2386,1
IIG_2387,1
IIG_2388,1
IIG_2389,1
IIG_2390,1
IIG_2391,1
IIG_2392,1
IIG_2393,1
IIG_2394,1
IIG_2395,1
IIG_2396,1
IIG_2397,1
IIG_2398,1
IIG_2399,1
IIG_2400,1
IIG_2401,1
IIG_2402,1
IIG_2403,1
IIG_2378,1
IIG_2377,1
IIG_2376,1
IIG_2362,1
IIG_2351,1
IIG_2352,1
IIG_2353,1
IIG_2354,1
IIG_2355,1
IIG_2356,1
IIG_2357,1
IIG_2358,1
IIG_2359,1
IIG_2360,1
IIG_2361,1
IIG_2363,1
IIG_2375,1
IIG_2364,1
IIG_2365,1
IIG_2366,1
IIG_2367,1
IIG_2368,1
IIG_2369,1
IIG_2370,1
IIG_2371,1
IIG_2372,1
IIG_2373,1
IIG_2374,1
IIG_2519,1
IIG_2521,1
IIG_1835,1
IIG_2664,1
IIG_2666,1
IIG_2667,1
IIG_2668,1
IIG_2669,1
IIG_2670,1
IIG_2671,1
IIG_2672,1
IIG_2673,1
IIG_2674,1
IIG_2675,1
IIG_2676,1
IIG_2677,1
IIG_2678,1
IIG_2679,1
IIG_2680,1
IIG_2681,1
IIG_2682,1
IIG_2683,1
IIG_2684,1
IIG_2685,1
IIG_2686,1
IIG_2687,1
IIG_2688,1
IIG_2689,1
IIG_2690,1
IIG_2665,1
IIG_2663,1
IIG_2522,1
IIG_2662,1
IIG_2637,1
IIG_2638,1
IIG_2639,1
IIG_2640,1
IIG_2641,1
IIG_2642,1
IIG_2643,1
IIG_2644,1
IIG_2645,1
IIG_2646,1
IIG_2647,1
IIG_2648,1
IIG_2649,1
IIG_2650,1
IIG_2651,1
IIG_2652,1
IIG_2653,1
IIG_2654,1
IIG_2655,1
IIG_2656,1
IIG_2657,1
IIG_2658,1
IIG_2659,1
IIG_2660,1
IIG_2661,1
IIG_2691,1
IIG_2692,1
IIG_2693,1
IIG_2694,1
IIG_2723,1
IIG_2724,1
IIG_2725,1
IIG_2726,1
IIG_2727,1
IIG_2728,1
IIG_2729,1
IIG_2730,1
IIG_2731,1
IIG_2732,1
IIG_2733,1
IIG_2734,1
IIG_2735,1
IIG_2736,1
IIG_2737,1
IIG_2738,1
IIG_2739,1
IIG_2740,1
IIG_2741,1
IIG_2742,1
IIG_2743,1
IIG_2744,1
IIG_2745,1
IIG_2746,1
IIG_2747,1
IIG_2722,1
IIG_2721,1
IIG_2720,1
IIG_2706,1
IIG_2695,1
IIG_2696,1
IIG_2697,1
IIG_2698,1
IIG_2699,1
IIG_2700,1
IIG_2701,1
IIG_2702,1
IIG_2703,1
IIG_2704,1
IIG_2705,1
IIG_2707,1
IIG_2719,1
IIG_2708,1
IIG_2709,1
IIG_2710,1
IIG_2711,1
IIG_2712,1
IIG_2713,1
IIG_2714,1
IIG_2715,1
IIG_2716,1
IIG_2717,1
IIG_2718,1
IIG_2636,1
IIG_2635,1
IIG_2634,1
IIG_2577,1
IIG_2551,1
IIG_2552,1
IIG_2553,1
IIG_2554,1
IIG_2555,1
IIG_2556,1
IIG_2557,1
IIG_2558,1
IIG_2559,1
IIG_2560,1
IIG_2561,1
IIG_2562,1
IIG_2563,1
IIG_2564,1
IIG_2565,1
IIG_2566,1
IIG_2567,1
IIG_2568,1
IIG_2569,1
IIG_2570,1
IIG_2571,1
IIG_2572,1
IIG_2573,1
IIG_2574,1
IIG_2575,1
IIG_2550,1
IIG_2549,1
IIG_2548,1
IIG_2534,1
IIG_2523,1
IIG_2524,1
IIG_2525,1
IIG_2526,1
IIG_2527,1
IIG_2528,1
IIG_2529,1
IIG_2530,1
IIG_2531,1
IIG_2532,1
IIG_2533,1
IIG_2535,1
IIG_2547,1
IIG_2536,1
IIG_2537,1
IIG_2538,1
IIG_2539,1
IIG_2540,1
IIG_2541,1
IIG_2542,1
IIG_2543,1
IIG_2544,1
IIG_2545,1
IIG_2546,1
IIG_2576,1
IIG_2578,1
IIG_2633,1
IIG_2579,1
IIG_2608,1
IIG_2609,1
IIG_2610,1
IIG_2611,1
IIG_2612,1
IIG_2613,1
IIG_2614,1
IIG_2615,1
IIG_2616,1
IIG_2617,1
IIG_2618,1
IIG_2619,1
IIG_2620,1
IIG_2621,1
IIG_2622,1
IIG_2623,1
IIG_2624,1
IIG_2625,1
IIG_2626,1
IIG_2627,1
IIG_2628,1
IIG_2629,1
IIG_2630,1
IIG_2631,1
IIG_2632,1
IIG_2607,1
IIG_2606,1
IIG_2605,1
IIG_2591,1
IIG_2580,1
IIG_2581,1
IIG_2582,1
IIG_2583,1
IIG_2584,1
IIG_2585,1
IIG_2586,1
IIG_2587,1
IIG_2588,1
IIG_2589,1
IIG_2590,1
IIG_2592,1
IIG_2604,1
IIG_2593,1
IIG_2594,1
IIG_2595,1
IIG_2596,1
IIG_2597,1
IIG_2598,1
IIG_2599,1
IIG_2600,1
IIG_2601,1
IIG_2602,1
IIG_2603,1
IIG_2293,1
IIG_2292,1
IIG_2291,1
IIG_1978,1
IIG_1980,1
IIG_1981,1
IIG_1982,1
IIG_1983,1
IIG_1984,1
IIG_1985,1
IIG_1986,1
IIG_1987,1
IIG_1988,1
IIG_1989,1
IIG_1990,1
IIG_1991,1
IIG_1992,1
IIG_1993,1
IIG_1994,1
IIG_1995,1
IIG_1996,1
IIG_1997,1
IIG_1998,1
IIG_1999,1
IIG_2000,1
IIG_2001,1
IIG_2002,1
IIG_2003,1
IIG_2004,1
IIG_1979,1
IIG_1977,1
IIG_2290,1
IIG_1976,1
IIG_1951,1
IIG_1952,1
IIG_1953,1
IIG_1954,1
IIG_1955,1
IIG_1956,1
IIG_1957,1
IIG_1958,1
IIG_1959,1
IIG_1960,1
IIG_1961,1
IIG_1962,1
IIG_1963,1
IIG_1964,1
IIG_1965,1
IIG_1966,1
IIG_1967,1
IIG_1968,1
IIG_1969,1
IIG_1970,1
IIG_1971,1
IIG_1972,1
IIG_1973,1
IIG_1974,1
IIG_1975,1
IIG_2005,1
IIG_2006,1
IIG_2007,1
IIG_2008,1
IIG_2037,1
IIG_2038,1
IIG_2039,1
IIG_2040,1
IIG_2041,1
IIG_2042,1
IIG_2043,1
IIG_2044,1
IIG_2045,1
IIG_2046,1
IIG_2047,1
IIG_2048,1
IIG_2049,1
IIG_2050,1
IIG_2051,1
IIG_2052,1
IIG_2053,1
IIG_2054,1
IIG_2055,1
IIG_2056,1
IIG_2057,1
IIG_2058,1
IIG_2059,1
IIG_2060,1
IIG_2061,1
IIG_2036,1
IIG_2035,1
IIG_2034,1
IIG_2020,1
IIG_2009,1
IIG_2010,1
IIG_2011,1
IIG_2012,1
IIG_2013,1
IIG_2014,1
IIG_2015,1
IIG_2016,1
IIG_2017,1
IIG_2018,1
IIG_2019,1
IIG_2021,1
IIG_2033,1
IIG_2022,1
IIG_2023,1
IIG_2024,1
IIG_2025,1
IIG_2026,1
IIG_2027,1
IIG_2028,1
IIG_2029,1
IIG_2030,1
IIG_2031,1
IIG_2032,1
IIG_1950,1
IIG_1949,1
IIG_1948,1
IIG_1891,1
IIG_1865,1
IIG_1866,1
IIG_1867,1
IIG_1868,1
IIG_1869,1
IIG_1870,1
IIG_1871,1
IIG_1872,1
IIG_1873,1
IIG_1874,1
IIG_1875,1
IIG_1876,1
IIG_1877,1
IIG_1878,1
IIG_1879,1
IIG_1880,1
IIG_1881,1
IIG_1882,1
IIG_1883,1
IIG_1884,1
IIG_1885,1
IIG_1886,1
IIG_1887,1
IIG_1888,1
IIG_1889,1
IIG_1864,1
IIG_1863,1
IIG_1862,1
IIG_1848,1
IIG_1837,1
IIG_1838,1
IIG_1839,1
IIG_1840,1
IIG_1841,1
IIG_1842,1
IIG_1843,1
IIG_1844,1
IIG_1845,1
IIG_1846,1
IIG_1847,1
IIG_1849,1
IIG_1861,1
IIG_1850,1
IIG_1851,1
IIG_1852,1
IIG_1853,1
IIG_1854,1
IIG_1855,1
IIG_1856,1
IIG_1857,1
IIG_1858,1
IIG_1859,1
IIG_1860,1
IIG_1890,1
IIG_1892,1
IIG_1947,1
IIG_1893,1
IIG_1922,1
IIG_1923,1
IIG_1924,1
IIG_1925,1
IIG_1926,1
IIG_1927,1
IIG_1928,1
IIG_1929,1
IIG_1930,1
IIG_1931,1
IIG_1932,1
IIG_1933,1
IIG_1934,1
IIG_1935,1
IIG_1936,1
IIG_1937,1
IIG_1938,1
IIG_1939,1
IIG_1940,1
IIG_1941,1
IIG_1942,1
IIG_1943,1
IIG_1944,1
IIG_1945,1
IIG_1946,1
IIG_1921,1
IIG_1920,1
IIG_1919,1
IIG_1905,1
IIG_1894,1
IIG_1895,1
IIG_1896,1
IIG_1897,1
IIG_1898,1
IIG_1899,1
IIG_1900,1
IIG_1901,1
IIG_1902,1
IIG_1903,1
IIG_1904,1
IIG_1906,1
IIG_1918,1
IIG_1907,1
IIG_1908,1
IIG_1909,1
IIG_1910,1
IIG_1911,1
IIG_1912,1
IIG_1913,1
IIG_1914,1
IIG_1915,1
IIG_1916,1
IIG_1917,1
IIG_2062,1
IIG_2063,1
IIG_2064,1
IIG_2234,1
IIG_2208,1
IIG_2209,1
IIG_2210,1
IIG_2211,1
IIG_2212,1
IIG_2213,1
IIG_2214,1
IIG_2215,1
IIG_2216,1
IIG_2217,1
IIG_2218,1
IIG_2219,1
IIG_2220,1
IIG_2221,1
IIG_2222,1
IIG_2223,1
IIG_2224,1
IIG_2225,1
IIG_2226,1
IIG_2227,1
IIG_2228,1
IIG_2229,1
IIG_2230,1
IIG_2231,1
IIG_2232,1
IIG_2207,1
IIG_2206,1
IIG_2205,1
IIG_2191,1
IIG_2180,1
IIG_2181,1
IIG_2182,1
IIG_2183,1
IIG_2184,1
IIG_2185,1
IIG_2186,1
IIG_2187,1
IIG_2188,1
IIG_2189,1
IIG_2190,1
IIG_2192,1
IIG_2204,1
IIG_2193,1
IIG_2194,1
IIG_2195,1
IIG_2196,1
IIG_2197,1
IIG_2198,1
IIG_2199,1
IIG_2200,1
IIG_2201,1
IIG_2202,1
IIG_2203,1
IIG_2233,1
IIG_2235,1
IIG_2178,1
IIG_2236,1
IIG_2265,1
IIG_2266,1
IIG_2267,1
IIG_2268,1
IIG_2269,1
IIG_2270,1
IIG_2271,1
IIG_2272,1
IIG_2273,1
IIG_2274,1
IIG_2275,1
IIG_2276,1
IIG_2277,1
IIG_2278,1
IIG_2279,1
IIG_2280,1
IIG_2281,1
IIG_2282,1
IIG_2283,1
IIG_2284,1
IIG_2285,1
IIG_2286,1
IIG_2287,1
IIG_2288,1
IIG_2289,1
IIG_2264,1
IIG_2263,1
IIG_2262,1
IIG_2248,1
IIG_2237,1
IIG_2238,1
IIG_2239,1
IIG_2240,1
IIG_2241,1
IIG_2242,1
IIG_2243,1
IIG_2244,1
IIG_2245,1
IIG_2246,1
IIG_2247,1
IIG_2249,1
IIG_2261,1
IIG_2250,1
IIG_2251,1
IIG_2252,1
IIG_2253,1
IIG_2254,1
IIG_2255,1
IIG_2256,1
IIG_2257,1
IIG_2258,1
IIG_2259,1
IIG_2260,1
IIG_2179,1
IIG_2177,1
IIG_2065,1
IIG_2120,1
IIG_2094,1
IIG_2095,1
IIG_2096,1
IIG_2097,1
IIG_2098,1
IIG_2099,1
IIG_2100,1
IIG_2101,1
IIG_2102,1
IIG_2103,1
IIG_2104,1
IIG_2105,1
IIG_2106,1
IIG_2107,1
IIG_2108,1
IIG_2109,1
IIG_2110,1
IIG_2111,1
IIG_2112,1
IIG_2113,1
IIG_2114,1
IIG_2115,1
IIG_2116,1
IIG_2117,1
IIG_2118,1
IIG_2093,1
IIG_2092,1
IIG_2091,1
IIG_2077,1
IIG_2066,1
IIG_2067,1
IIG_2068,1
IIG_2069,1
IIG_2070,1
IIG_2071,1
IIG_2072,1
IIG_2073,1
IIG_2074,1
IIG_2075,1
IIG_2076,1
IIG_2078,1
IIG_2090,1
IIG_2079,1
IIG_2080,1
IIG_2081,1
IIG_2082,1
IIG_2083,1
IIG_2084,1
IIG_2085,1
IIG_2086,1
IIG_2087,1
IIG_2088,1
IIG_2089,1
IIG_2119,1
IIG_2121,1
IIG_2176,1
IIG_2122,1
IIG_2151,1
IIG_2152,1
IIG_2153,1
IIG_2154,1
IIG_2155,1
IIG_2156,1
IIG_2157,1
IIG_2158,1
IIG_2159,1
IIG_2160,1
IIG_2161,1
IIG_2162,1
IIG_2163,1
IIG_2164,1
IIG_2165,1
IIG_2166,1
IIG_2167,1
IIG_2168,1
IIG_2169,1
IIG_2170,1
IIG_2171,1
IIG_2172,1
IIG_2173,1
IIG_2174,1
IIG_2175,1
IIG_2150,1
IIG_2149,1
IIG_2148,1
IIG_2134,1
IIG_2123,1
IIG_2124,1
IIG_2125,1
IIG_2126,1
IIG_2127,1
IIG_2128,1
IIG_2129,1
IIG_2130,1
IIG_2131,1
IIG_2132,1
IIG_2133,1
IIG_2135,1
IIG_2147,1
IIG_2136,1
IIG_2137,1
IIG_2138,1
IIG_2139,1
IIG_2140,1
IIG_2141,1
IIG_2142,1
IIG_2143,1
IIG_2144,1
IIG_2145,1
IIG_2146,1
IIG_2748,1
IIG_2749,1
IIG_2750,1
IIG_3353,1
IIG_3355,1
IIG_3356,1
IIG_3357,1
IIG_3358,1
IIG_3359,1
IIG_3360,1
IIG_3361,1
IIG_3362,1
IIG_3363,1
IIG_3364,1
IIG_3365,1
IIG_3366,1
IIG_3367,1
IIG_3368,1
IIG_3369,1
IIG_3370,1
IIG_3371,1
IIG_3372,1
IIG_3373,1
IIG_3374,1
IIG_3375,1
IIG_3376,1
IIG_3377,1
IIG_3378,1
IIG_3379,1
IIG_3354,1
IIG_3352,1
IIG_3208,1
IIG_3351,1
IIG_3326,1
IIG_3327,1
IIG_3328,1
IIG_3329,1
IIG_3330,1
IIG_3331,1
IIG_3332,1
IIG_3333,1
IIG_3334,1
IIG_3335,1
IIG_3336,1
IIG_3337,1
IIG_3338,1
IIG_3339,1
IIG_3340,1
IIG_3341,1
IIG_3342,1
IIG_3343,1
IIG_3344,1
IIG_3345,1
IIG_3346,1
IIG_3347,1
IIG_3348,1
IIG_3349,1
IIG_3350,1
IIG_3380,1
IIG_3381,1
IIG_3382,1
IIG_3383,1
IIG_3413,1
IIG_3414,1
IIG_3416,1
IIG_3417,1
IIG_3418,1
IIG_3419,1
IIG_3420,1
IIG_3421,1
IIG_3422,1
IIG_3423,1
IIG_3424,1
IIG_3425,1
IIG_3426,1
IIG_3427,1
IIG_3428,1
IIG_3429,1
IIG_3430,1
IIG_3431,1
IIG_3432,1
IIG_3433,1
IIG_3434,1
IIG_3435,1
IIG_3436,1
IIG_3437,1
IIG_3438,1
IIG_3412,1
IIG_3411,1
IIG_3410,1
IIG_3396,1
IIG_3384,1
IIG_3385,1
IIG_3387,1
IIG_3388,1
IIG_3389,1
IIG_3390,1
IIG_3391,1
IIG_3392,1
IIG_3393,1
IIG_3394,1
IIG_3395,1
IIG_3397,1
IIG_3409,1
IIG_3398,1
IIG_3399,1
IIG_3400,1
IIG_3401,1
IIG_3402,1
IIG_3403,1
IIG_3404,1
IIG_3405,1
IIG_3406,1
IIG_3407,1
IIG_3408,1
IIG_3325,1
IIG_3324,1
IIG_3323,1
IIG_3264,1
IIG_3238,1
IIG_3239,1
IIG_3240,1
IIG_3241,1
IIG_3242,1
IIG_3243,1
IIG_3244,1
IIG_3245,1
IIG_3246,1
IIG_3247,1
IIG_3248,1
IIG_3249,1
IIG_3250,1
IIG_3251,1
IIG_3252,1
IIG_3253,1
IIG_3254,1
IIG_3255,1
IIG_3256,1
IIG_3257,1
IIG_3258,1
IIG_3259,1
IIG_3260,1
IIG_3261,1
IIG_3262,1
IIG_3237,1
IIG_3236,1
IIG_3235,1
IIG_3221,1
IIG_3210,1
IIG_3211,1
IIG_3212,1
IIG_3213,1
IIG_3214,1
IIG_3215,1
IIG_3216,1
IIG_3217,1
IIG_3218,1
IIG_3219,1
IIG_3220,1
IIG_3222,1
IIG_3234,1
IIG_3223,1
IIG_3224,1
IIG_3225,1
IIG_3226,1
IIG_3227,1
IIG_3228,1
IIG_3229,1
IIG_3230,1
IIG_3231,1
IIG_3232,1
IIG_3233,1
IIG_3263,1
IIG_3265,1
IIG_3322,1
IIG_3266,1
IIG_3295,1
IIG_3296,1
IIG_3297,1
IIG_3298,1
IIG_3299,1
IIG_3300,1
IIG_3301,1
IIG_3302,1
IIG_3303,1
IIG_3304,1
IIG_3305,1
IIG_3306,1
IIG_3307,1
IIG_3308,1
IIG_3309,1
IIG_3310,1
IIG_3312,1
IIG_3313,1
IIG_3314,1
IIG_3315,1
IIG_3316,1
IIG_3317,1
IIG_3318,1
IIG_3320,1
IIG_3321,1
IIG_3294,1
IIG_3293,1
IIG_3292,1
IIG_3278,1
IIG_3267,1
IIG_3268,1
IIG_3269,1
IIG_3270,1
IIG_3271,1
IIG_3272,1
IIG_3273,1
IIG_3274,1
IIG_3275,1
IIG_3276,1
IIG_3277,1
IIG_3279,1
IIG_3291,1
IIG_3280,1
IIG_3281,1
IIG_3282,1
IIG_3283,1
IIG_3284,1
IIG_3285,1
IIG_3286,1
IIG_3287,1
IIG_3288,1
IIG_3289,1
IIG_3290,1
IIG_3439,1
IIG_3440,1
IIG_3441,1
IIG_3611,1
IIG_3585,1
IIG_3586,1
IIG_3587,1
IIG_3588,1
IIG_3589,1
IIG_3590,1
IIG_3591,1
IIG_3592,1
IIG_3593,1
IIG_3594,1
IIG_3595,1
IIG_3596,1
IIG_3597,1
IIG_3598,1
IIG_3599,1
IIG_3600,1
IIG_3601,1
IIG_3602,1
IIG_3603,1
IIG_3604,1
IIG_3605,1
IIG_3606,1
IIG_3607,1
IIG_3608,1
IIG_3609,1
IIG_3584,1
IIG_3583,1
IIG_3582,1
IIG_3568,1
IIG_3557,1
IIG_3558,1
IIG_3559,1
IIG_3560,1
IIG_3561,1
IIG_3562,1
IIG_3563,1
IIG_3564,1
IIG_3565,1
IIG_3566,1
IIG_3567,1
IIG_3569,1
IIG_3581,1
IIG_3570,1
IIG_3571,1
IIG_3572,1
IIG_3573,1
IIG_3574,1
IIG_3575,1
IIG_3576,1
IIG_3577,1
IIG_3578,1
IIG_3579,1
IIG_3580,1
IIG_3610,1
IIG_3612,1
IIG_3555,1
IIG_3613,1
IIG_3642,1
IIG_3643,1
IIG_3644,1
IIG_3645,1
IIG_3646,1
IIG_3647,1
IIG_3648,1
IIG_3649,1
IIG_3650,1
IIG_3651,1
IIG_3652,1
IIG_3653,1
IIG_3654,1
IIG_3655,1
IIG_3656,1
IIG_3657,1
IIG_3658,1
IIG_3659,1
IIG_3660,1
IIG_3661,1
IIG_3662,1
IIG_3663,1
IIG_3664,1
IIG_3665,1
IIG_3666,1
IIG_3641,1
IIG_3640,1
IIG_3639,1
IIG_3625,1
IIG_3614,1
IIG_3615,1
IIG_3616,1
IIG_3617,1
IIG_3618,1
IIG_3619,1
IIG_3620,1
IIG_3621,1
IIG_3622,1
IIG_3623,1
IIG_3624,1
IIG_3626,1
IIG_3638,1
IIG_3627,1
IIG_3628,1
IIG_3629,1
IIG_3630,1
IIG_3631,1
IIG_3632,1
IIG_3633,1
IIG_3634,1
IIG_3635,1
IIG_3636,1
IIG_3637,1
IIG_3556,1
IIG_3554,1
IIG_3442,1
IIG_3497,1
IIG_3471,1
IIG_3472,1
IIG_3473,1
IIG_3474,1
IIG_3475,1
IIG_3476,1
IIG_3477,1
IIG_3478,1
IIG_3479,1
IIG_3480,1
IIG_3481,1
IIG_3482,1
IIG_3483,1
IIG_3484,1
IIG_3485,1
IIG_3486,1
IIG_3487,1
IIG_3488,1
IIG_3489,1
IIG_3490,1
IIG_3491,1
IIG_3492,1
IIG_3493,1
IIG_3494,1
IIG_3495,1
IIG_3470,1
IIG_3469,1
IIG_3468,1
IIG_3454,1
IIG_3443,1
IIG_3444,1
IIG_3445,1
IIG_3446,1
IIG_3447,1
IIG_3448,1
IIG_3449,1
IIG_3450,1
IIG_3451,1
IIG_3452,1
IIG_3453,1
IIG_3455,1
IIG_3467,1
IIG_3456,1
IIG_3457,1
IIG_3458,1
IIG_3459,1
IIG_3460,1
IIG_3461,1
IIG_3462,1
IIG_3463,1
IIG_3464,1
IIG_3465,1
IIG_3466,1
IIG_3496,1
IIG_3498,1
IIG_3553,1
IIG_3499,1
IIG_3528,1
IIG_3529,1
IIG_3530,1
IIG_3531,1
IIG_3532,1
IIG_3533,1
IIG_3534,1
IIG_3535,1
IIG_3536,1
IIG_3537,1
IIG_3538,1
IIG_3539,1
IIG_3540,1
IIG_3541,1
IIG_3542,1
IIG_3543,1
IIG_3544,1
IIG_3545,1
IIG_3546,1
IIG_3547,1
IIG_3548,1
IIG_3549,1
IIG_3550,1
IIG_3551,1
IIG_3552,1
IIG_3527,1
IIG_3526,1
IIG_3525,1
IIG_3511,1
IIG_3500,1
IIG_3501,1
IIG_3502,1
IIG_3503,1
IIG_3504,1
IIG_3505,1
IIG_3506,1
IIG_3507,1
IIG_3508,1
IIG_3509,1
IIG_3510,1
IIG_3512,1
IIG_3524,1
IIG_3513,1
IIG_3514,1
IIG_3515,1
IIG_3516,1
IIG_3517,1
IIG_3518,1
IIG_3519,1
IIG_3520,1
IIG_3521,1
IIG_3522,1
IIG_3523,1
IIG_3209,1
IIG_3207,1
IIG_2751,1
IIG_2894,1
IIG_2896,1
IIG_2897,1
IIG_2898,1
IIG_2899,1
IIG_2900,1
IIG_2901,1
IIG_2902,1
IIG_2903,1
IIG_2904,1
IIG_2905,1
IIG_2906,1
IIG_2907,1
IIG_2908,1
IIG_2909,1
IIG_2910,1
IIG_2911,1
IIG_2912,1
IIG_2913,1
IIG_2914,1
IIG_2915,1
IIG_2916,1
IIG_2917,1
IIG_2918,1
IIG_2919,1
IIG_2920,1
IIG_2895,1
IIG_2893,1
IIG_3206,1
IIG_2892,1
IIG_2867,1
IIG_2868,1
IIG_2869,1
IIG_2870,1
IIG_2871,1
IIG_2872,1
IIG_2873,1
IIG_2874,1
IIG_2875,1
IIG_2876,1
IIG_2877,1
IIG_2878,1
IIG_2879,1
IIG_2880,1
IIG_2881,1
IIG_2882,1
IIG_2883,1
IIG_2884,1
IIG_2885,1
IIG_2886,1
IIG_2887,1
IIG_2888,1
IIG_2889,1
IIG_2890,1
IIG_2891,1
IIG_2921,1
IIG_2922,1
IIG_2923,1
IIG_2924,1
IIG_2953,1
IIG_2954,1
IIG_2955,1
IIG_2956,1
IIG_2957,1
IIG_2958,1
IIG_2959,1
IIG_2960,1
IIG_2961,1
IIG_2962,1
IIG_2963,1
IIG_2964,1
IIG_2965,1
IIG_2966,1
IIG_2967,1
IIG_2968,1
IIG_2969,1
IIG_2970,1
IIG_2971,1
IIG_2972,1
IIG_2973,1
IIG_2974,1
IIG_2975,1
IIG_2976,1
IIG_2977,1
IIG_2952,1
IIG_2951,1
IIG_2950,1
IIG_2936,1
IIG_2925,1
IIG_2926,1
IIG_2927,1
IIG_2928,1
IIG_2929,1
IIG_2930,1
IIG_2931,1
IIG_2932,1
IIG_2933,1
IIG_2934,1
IIG_2935,1
IIG_2937,1
IIG_2949,1
IIG_2938,1
IIG_2939,1
IIG_2940,1
IIG_2941,1
IIG_2942,1
IIG_2943,1
IIG_2944,1
IIG_2945,1
IIG_2946,1
IIG_2947,1
IIG_2948,1
IIG_2866,1
IIG_2865,1
IIG_2864,1
IIG_2807,1
IIG_2781,1
IIG_2782,1
IIG_2783,1
IIG_2784,1
IIG_2785,1
IIG_2786,1
IIG_2787,1
IIG_2788,1
IIG_2789,1
IIG_2790,1
IIG_2791,1
IIG_2792,1
IIG_2793,1
IIG_2794,1
IIG_2795,1
IIG_2796,1
IIG_2797,1
IIG_2798,1
IIG_2799,1
IIG_2800,1
IIG_2801,1
IIG_2802,1
IIG_2803,1
IIG_2804,1
IIG_2805,1
IIG_2780,1
IIG_2779,1
IIG_2778,1
IIG_2763,1
IIG_2752,1
IIG_2753,1
IIG_2754,1
IIG_2755,1
IIG_2756,1
IIG_2757,1
IIG_2758,1
IIG_2759,1
IIG_2760,1
IIG_2761,1
IIG_2762,1
IIG_2765,1
IIG_2777,1
IIG_2766,1
IIG_2767,1
IIG_2768,1
IIG_2769,1
IIG_2770,1
IIG_2771,1
IIG_2772,1
IIG_2773,1
IIG_2774,1
IIG_2775,1
IIG_2776,1
IIG_2806,1
IIG_2808,1
IIG_2863,1
IIG_2809,1
IIG_2838,1
IIG_2839,1
IIG_2840,1
IIG_2841,1
IIG_2842,1
IIG_2843,1
IIG_2844,1
IIG_2845,1
IIG_2846,1
IIG_2847,1
IIG_2848,1
IIG_2849,1
IIG_2850,1
IIG_2851,1
IIG_2852,1
IIG_2853,1
IIG_2854,1
IIG_2855,1
IIG_2856,1
IIG_2857,1
IIG_2858,1
IIG_2859,1
IIG_2860,1
IIG_2861,1
IIG_2862,1
IIG_2837,1
IIG_2836,1
IIG_2835,1
IIG_2821,1
IIG_2810,1
0,1
IIG_2812,1
IIG_2813,1
IIG_2814,1
IIG_2815,1
IIG_2816,1
IIG_2817,1
IIG_2818,1
IIG_2819,1
IIG_2820,1
IIG_2822,1
IIG_2834,1
IIG_2823,1
IIG_2824,1
IIG_2825,1
IIG_2826,1
IIG_2827,1
IIG_2828,1
IIG_2829,1
IIG_2830,1
IIG_2831,1
IIG_2832,1
IIG_2833,1
IIG_2978,1
IIG_2979,1
IIG_2980,1
IIG_3150,1
IIG_3124,1
IIG_3125,1
IIG_3126,1
IIG_3127,1
IIG_3128,1
IIG_3129,1
IIG_3130,1
IIG_3131,1
IIG_3132,1
IIG_3133,1
IIG_3134,1
IIG_3135,1
IIG_3136,1
IIG_3137,1
IIG_3138,1
IIG_3139,1
IIG_3140,1
IIG_3141,1
IIG_3142,1
IIG_3143,1
IIG_3144,1
IIG_3145,1
IIG_3146,1
IIG_3147,1
IIG_3148,1
IIG_3123,1
IIG_3122,1
IIG_3121,1
IIG_3107,1
IIG_3096,1
IIG_3097,1
IIG_3098,1
IIG_3099,1
IIG_3100,1
IIG_3101,1
IIG_3102,1
IIG_3103,1
IIG_3104,1
IIG_3105,1
IIG_3106,1
IIG_3108,1
IIG_3120,1
IIG_3109,1
IIG_3110,1
IIG_3111,1
IIG_3112,1
IIG_3113,1
IIG_3114,1
IIG_3115,1
IIG_3116,1
IIG_3117,1
IIG_3118,1
IIG_3119,1
IIG_3149,1
IIG_3151,1
IIG_3094,1
IIG_3152,1
IIG_3181,1
IIG_3182,1
IIG_3183,1
IIG_3184,1
IIG_3185,1
IIG_3186,1
IIG_3187,1
IIG_3188,1
IIG_3189,1
IIG_3190,1
IIG_3191,1
IIG_3192,1
IIG_3193,1
IIG_3194,1
IIG_3195,1
IIG_3196,1
IIG_3197,1
IIG_3198,1
IIG_3199,1
IIG_3200,1
IIG_3201,1
IIG_3202,1
IIG_3203,1
IIG_3204,1
IIG_3205,1
IIG_3180,1
IIG_3179,1
IIG_3178,1
IIG_3164,1
IIG_3153,1
IIG_3154,1
IIG_3155,1
IIG_3156,1
IIG_3157,1
IIG_3158,1
IIG_3159,1
IIG_3160,1
IIG_3161,1
IIG_3162,1
IIG_3163,1
IIG_3165,1
IIG_3177,1
IIG_3166,1
IIG_3167,1
IIG_3168,1
IIG_3169,1
IIG_3170,1
IIG_3171,1
IIG_3172,1
IIG_3173,1
IIG_3174,1
IIG_3175,1
IIG_3176,1
IIG_3095,1
IIG_3093,1
IIG_2981,1
IIG_3036,1
IIG_3010,1
IIG_3011,1
IIG_3012,1
IIG_3013,1
IIG_3014,1
IIG_3015,1
IIG_3016,1
IIG_3017,1
IIG_3018,1
IIG_3019,1
IIG_3020,1
IIG_3021,1
IIG_3022,1
IIG_3023,1
IIG_3024,1
IIG_3025,1
IIG_3026,1
IIG_3027,1
IIG_3028,1
IIG_3029,1
IIG_3030,1
IIG_3031,1
IIG_3032,1
IIG_3033,1
IIG_3034,1
IIG_3009,1
IIG_3008,1
IIG_3007,1
IIG_2993,1
IIG_2982,1
IIG_2983,1
IIG_2984,1
IIG_2985,1
IIG_2986,1
IIG_2987,1
IIG_2988,1
IIG_2989,1
IIG_2990,1
IIG_2991,1
IIG_2992,1
IIG_2994,1
IIG_3006,1
IIG_2995,1
IIG_2996,1
IIG_2997,1
IIG_2998,1
IIG_2999,1
IIG_3000,1
IIG_3001,1
IIG_3002,1
IIG_3003,1
IIG_3004,1
IIG_3005,1
IIG_3035,1
IIG_3037,1
IIG_3092,1
IIG_3038,1
IIG_3067,1
IIG_3068,1
IIG_3069,1
IIG_3070,1
IIG_3071,1
IIG_3072,1
IIG_3073,1
IIG_3074,1
IIG_3075,1
IIG_3076,1
IIG_3077,1
IIG_3078,1
IIG_3079,1
IIG_3080,1
IIG_3081,1
IIG_3082,1
IIG_3083,1
IIG_3084,1
IIG_3085,1
IIG_3086,1
IIG_3087,1
IIG_3088,1
IIG_3089,1
IIG_3090,1
IIG_3091,1
IIG_3066,1
IIG_3065,1
IIG_3064,1
IIG_3050,1
IIG_3039,1
IIG_3040,1
IIG_3041,1
IIG_3042,1
IIG_3043,1
IIG_3044,1
IIG_3045,1
IIG_3046,1
IIG_3047,1
IIG_3048,1
IIG_3049,1
IIG_3051,1
IIG_3063,1
IIG_3052,1
IIG_3053,1
IIG_3054,1
IIG_3055,1
IIG_3056,1
IIG_3057,1
IIG_3058,1
IIG_3059,1
IIG_3060,1
IIG_3061,1
IIG_3062,1
IIG_1836,1
IIG_1834,1
IIG_002,1
IIG_603,1
IIG_605,1
IIG_606,1
IIG_607,1
IIG_608,1
IIG_609,1
IIG_610,1
IIG_611,1
IIG_612,1
IIG_613,1
IIG_614,1
IIG_615,1
IIG_616,1
IIG_617,1
IIG_618,1
IIG_619,1
IIG_620,1
IIG_621,1
IIG_622,1
IIG_623,1
IIG_624,1
IIG_625,1
IIG_626,1
IIG_627,1
IIG_628,1
IIG_629,1
IIG_604,1
IIG_602,1
IIG_688,1
IIG_601,1
IIG_576,1
IIG_577,1
IIG_578,1
IIG_579,1
IIG_580,1
IIG_581,1
IIG_582,1
IIG_583,1
IIG_584,1
IIG_585,1
IIG_586,1
IIG_587,1
IIG_588,1
IIG_589,1
IIG_590,1
IIG_591,1
IIG_592,1
IIG_593,1
IIG_594,1
IIG_595,1
IIG_596,1
IIG_597,1
IIG_598,1
IIG_599,1
IIG_600,1
IIG_630,1
IIG_631,1
IIG_632,1
IIG_633,1
IIG_662,1
IIG_663,1
IIG_664,1
IIG_665,1
IIG_666,1
IIG_667,1
IIG_668,1
IIG_669,1
IIG_670,1
IIG_671,1
IIG_672,1
IIG_673,1
IIG_674,1
IIG_675,1
IIG_676,1
IIG_677,1
IIG_678,1
IIG_679,1
IIG_680,1
IIG_681,1
IIG_682,1
IIG_683,1
IIG_684,1
IIG_685,1
IIG_686,1
IIG_661,1
IIG_660,1
IIG_659,1
IIG_645,1
IIG_634,1
IIG_635,1
IIG_636,1
IIG_637,1
IIG_638,1
IIG_639,1
IIG_640,1
IIG_641,1
IIG_642,1
IIG_643,1
IIG_644,1
IIG_646,1
IIG_658,1
IIG_647,1
IIG_648,1
IIG_649,1
IIG_650,1
IIG_651,1
IIG_652,1
IIG_653,1
IIG_654,1
IIG_655,1
IIG_656,1
IIG_657,1
IIG_575,1
IIG_574,1
IIG_573,1
IIG_516,1
IIG_490,1
IIG_491,1
IIG_492,1
IIG_493,1
IIG_494,1
IIG_495,1
IIG_496,1
IIG_497,1
IIG_498,1
IIG_499,1
IIG_500,1
IIG_501,1
IIG_502,1
IIG_503,1
IIG_504,1
IIG_505,1
IIG_506,1
IIG_507,1
IIG_508,1
IIG_509,1
IIG_510,1
IIG_511,1
IIG_512,1
IIG_513,1
IIG_514,1
IIG_489,1
IIG_488,1
IIG_487,1
IIG_473,1
IIG_462,1
IIG_463,1
IIG_464,1
IIG_465,1
IIG_466,1
IIG_467,1
IIG_468,1
IIG_469,1
IIG_470,1
IIG_471,1
IIG_472,1
IIG_474,1
IIG_486,1
IIG_475,1
IIG_476,1
IIG_477,1
IIG_478,1
IIG_479,1
IIG_480,1
IIG_481,1
IIG_482,1
IIG_483,1
IIG_484,1
IIG_485,1
IIG_515,1
IIG_517,1
IIG_572,1
IIG_518,1
IIG_547,1
IIG_548,1
IIG_549,1
IIG_550,1
IIG_551,1
IIG_552,1
IIG_553,1
IIG_554,1
IIG_555,1
IIG_556,1
IIG_557,1
IIG_558,1
IIG_559,1
IIG_560,1
IIG_561,1
IIG_562,1
IIG_563,1
IIG_564,1
IIG_565,1
IIG_566,1
IIG_567,1
IIG_568,1
IIG_569,1
IIG_570,1
IIG_571,1
IIG_546,1
IIG_545,1
IIG_544,1
IIG_530,1
IIG_519,1
IIG_520,1
IIG_521,1
IIG_522,1
IIG_523,1
IIG_524,1
IIG_525,1
IIG_526,1
IIG_527,1
IIG_528,1
IIG_529,1
IIG_531,1
IIG_543,1
IIG_532,1
IIG_533,1
IIG_534,1
IIG_535,1
IIG_536,1
IIG_537,1
IIG_538,1
IIG_539,1
IIG_540,1
IIG_541,1
IIG_542,1
IIG_687,1
IIG_689,1
IIG_1833,1
IIG_833,1
IIG_835,1
IIG_836,1
IIG_837,1
IIG_838,1
IIG_839,1
IIG_840,1
IIG_841,1
IIG_842,1
IIG_843,1
IIG_844,1
IIG_845,1
IIG_846,1
IIG_847,1
IIG_848,1
IIG_849,1
IIG_850,1
IIG_851,1
IIG_852,1
IIG_853,1
IIG_854,1
IIG_855,1
IIG_856,1
IIG_857,1
IIG_858,1
IIG_859,1
IIG_834,1
IIG_832,1
IIG_690,1
IIG_831,1
IIG_806,1
IIG_807,1
IIG_808,1
IIG_809,1
IIG_810,1
IIG_811,1
IIG_812,1
IIG_813,1
IIG_814,1
IIG_815,1
IIG_816,1
IIG_817,1
IIG_818,1
IIG_819,1
IIG_820,1
IIG_821,1
IIG_822,1
IIG_823,1
IIG_824,1
IIG_825,1
IIG_826,1
IIG_827,1
IIG_828,1
IIG_829,1
IIG_830,1
IIG_860,1
IIG_861,1
IIG_862,1
IIG_863,1
IIG_892,1
IIG_893,1
IIG_894,1
IIG_895,1
IIG_896,1
IIG_897,1
IIG_898,1
IIG_899,1
IIG_900,1
IIG_901,1
IIG_902,1
IIG_903,1
IIG_904,1
IIG_905,1
IIG_906,1
IIG_907,1
IIG_908,1
IIG_909,1
IIG_910,1
IIG_911,1
IIG_912,1
IIG_913,1
IIG_914,1
IIG_915,1
IIG_916,1
IIG_891,1
IIG_890,1
IIG_889,1
IIG_875,1
IIG_864,1
IIG_865,1
IIG_866,1
IIG_867,1
IIG_868,1
IIG_869,1
IIG_870,1
IIG_871,1
IIG_872,1
IIG_873,1
IIG_874,1
IIG_876,1
IIG_888,1
IIG_877,1
IIG_878,1
IIG_879,1
IIG_880,1
IIG_881,1
IIG_882,1
IIG_883,1
IIG_884,1
IIG_885,1
IIG_886,1
IIG_887,1
IIG_805,1
IIG_804,1
IIG_803,1
IIG_745,1
IIG_719,1
IIG_720,1
IIG_721,1
IIG_722,1
IIG_723,1
IIG_724,1
IIG_725,1
IIG_726,1
IIG_727,1
IIG_728,1
IIG_729,1
IIG_730,1
IIG_731,1
IIG_732,1
IIG_733,1
IIG_734,1
IIG_735,1
IIG_736,1
IIG_737,1
IIG_738,1
IIG_739,1
IIG_740,1
IIG_741,1
IIG_742,1
IIG_743,1
IIG_718,1
IIG_717,1
IIG_716,1
IIG_702,1
IIG_691,1
IIG_692,1
IIG_693,1
IIG_694,1
IIG_695,1
IIG_696,1
IIG_697,1
IIG_698,1
IIG_699,1
IIG_700,1
IIG_701,1
IIG_703,1
IIG_715,1
IIG_704,1
IIG_705,1
IIG_706,1
IIG_707,1
IIG_708,1
IIG_709,1
IIG_710,1
IIG_711,1
IIG_712,1
IIG_713,1
IIG_714,1
IIG_744,1
IIG_746,1
IIG_802,1
IIG_747,1
IIG_777,1
IIG_778,1
IIG_779,1
IIG_780,1
IIG_781,1
IIG_782,1
IIG_783,1
IIG_784,1
IIG_785,1
IIG_786,1
IIG_787,1
IIG_788,1
IIG_789,1
IIG_790,1
IIG_791,1
IIG_792,1
IIG_793,1
IIG_794,1
IIG_795,1
IIG_796,1
IIG_797,1
IIG_798,1
IIG_799,1
IIG_800,1
IIG_801,1
IIG_776,1
IIG_775,1
IIG_774,1
IIG_760,1
IIG_748,1
IIG_749,1
IIG_750,1
IIG_751,1
IIG_752,1
IIG_754,1
IIG_755,1
IIG_756,1
IIG_757,1
IIG_758,1
IIG_759,1
IIG_761,1
IIG_773,1
IIG_762,1
IIG_763,1
IIG_764,1
IIG_765,1
IIG_766,1
IIG_767,1
IIG_768,1
IIG_769,1
IIG_770,1
IIG_771,1
IIG_772,1
IIG_461,1
IIG_460,1
IIG_459,1
IIG_144,1
IIG_146,1
IIG_147,1
IIG_148,1
IIG_149,1
IIG_150,1
IIG_151,1
IIG_152,1
IIG_153,1
IIG_154,1
IIG_155,1
IIG_156,1
IIG_157,1
IIG_158,1
IIG_159,1
IIG_160,1
IIG_161,1
IIG_162,1
IIG_163,1
IIG_164,1
IIG_165,1
IIG_166,1
IIG_167,1
IIG_168,1
IIG_169,1
IIG_170,1
IIG_145,1
IIG_143,1
IIG_458,1
IIG_142,1
IIG_117,1
IIG_118,1
IIG_119,1
IIG_120,1
IIG_121,1
IIG_122,1
IIG_123,1
IIG_124,1
IIG_125,1
IIG_126,1
IIG_127,1
IIG_128,1
IIG_129,1
IIG_130,1
IIG_131,1
IIG_132,1
IIG_133,1
IIG_134,1
IIG_135,1
IIG_136,1
IIG_137,1
IIG_138,1
IIG_139,1
IIG_140,1
IIG_141,1
IIG_171,1
IIG_172,1
IIG_173,1
IIG_174,1
IIG_204,1
IIG_205,1
IIG_206,1
IIG_207,1
IIG_209,1
IIG_210,1
IIG_211,1
IIG_212,1
IIG_213,1
IIG_214,1
IIG_215,1
IIG_216,1
IIG_217,1
IIG_218,1
IIG_219,1
IIG_220,1
IIG_221,1
IIG_222,1
IIG_223,1
IIG_224,1
IIG_225,1
IIG_226,1
IIG_227,1
IIG_228,1
IIG_229,1
IIG_203,1
IIG_202,1
IIG_201,1
IIG_186,1
IIG_175,1
IIG_176,1
IIG_177,1
IIG_178,1
IIG_179,1
IIG_180,1
IIG_181,1
IIG_182,1
IIG_183,1
IIG_184,1
IIG_185,1
IIG_187,1
IIG_200,1
IIG_188,1
IIG_189,1
IIG_190,1
IIG_191,1
IIG_192,1
IIG_193,1
IIG_194,1
IIG_196,1
IIG_197,1
IIG_198,1
IIG_199,1
IIG_116,1
IIG_115,1
IIG_114,1
IIG_057,1
IIG_031,1
IIG_032,1
IIG_033,1
IIG_034,1
IIG_035,1
IIG_036,1
IIG_037,1
IIG_038,1
IIG_039,1
IIG_040,1
IIG_041,1
IIG_042,1
IIG_043,1
IIG_044,1
IIG_045,1
IIG_046,1
IIG_047,1
IIG_048,1
IIG_049,1
IIG_050,1
IIG_051,1
IIG_052,1
IIG_053,1
IIG_054,1
IIG_055,1
IIG_030,1
IIG_029,1
IIG_028,1
IIG_014,1
IIG_003,1
IIG_004,1
IIG_005,1
IIG_006,1
IIG_007,1
IIG_008,1
IIG_009,1
IIG_010,1
IIG_011,1
IIG_012,1
IIG_013,1
IIG_015,1
IIG_027,1
IIG_016,1
IIG_017,1
IIG_018,1
IIG_019,1
IIG_020,1
IIG_021,1
IIG_022,1
IIG_023,1
IIG_024,1
IIG_025,1
IIG_026,1
IIG_056,1
IIG_058,1
IIG_113,1
IIG_059,1
IIG_088,1
IIG_089,1
IIG_090,1
IIG_091,1
IIG_092,1
IIG_093,1
IIG_094,1
IIG_095,1
IIG_096,1
IIG_097,1
IIG_098,1
IIG_099,1
IIG_100,1
IIG_101,1
IIG_102,1
IIG_103,1
IIG_104,1
IIG_105,1
IIG_106,1
IIG_107,1
IIG_108,1
IIG_109,1
IIG_110,1
IIG_111,1
IIG_112,1
IIG_087,1
IIG_086,1
IIG_085,1
IIG_071,1
IIG_060,1
IIG_061,1
IIG_062,1
IIG_063,1
IIG_064,1
IIG_065,1
IIG_066,1
IIG_067,1
IIG_068,1
IIG_069,1
IIG_070,1
IIG_072,1
IIG_084,1
IIG_073,1
IIG_074,1
IIG_075,1
IIG_076,1
IIG_077,1
IIG_078,1
IIG_079,1
IIG_080,1
IIG_081,1
IIG_082,1
IIG_083,1
IIG_230,1
IIG_231,1
IIG_232,1
IIG_402,1
IIG_376,1
IIG_377,1
IIG_378,1
IIG_379,1
IIG_380,1
IIG_381,1
IIG_382,1
IIG_383,1
IIG_384,1
IIG_385,1
IIG_386,1
IIG_387,1
IIG_388,1
IIG_389,1
IIG_390,1
IIG_391,1
IIG_392,1
IIG_393,1
IIG_394,1
IIG_395,1
IIG_396,1
IIG_397,1
IIG_398,1
IIG_399,1
IIG_400,1
IIG_375,1
IIG_374,1
IIG_373,1
IIG_359,1
IIG_348,1
IIG_349,1
IIG_350,1
IIG_351,1
IIG_352,1
IIG_353,1
IIG_354,1
IIG_355,1
IIG_356,1
IIG_357,1
IIG_358,1
IIG_360,1
IIG_372,1
IIG_361,1
IIG_362,1
IIG_363,1
IIG_364,1
IIG_365,1
IIG_366,1
IIG_367,1
IIG_368,1
IIG_369,1
IIG_370,1
IIG_371,1
IIG_401,1
IIG_403,1
IIG_346,1
IIG_404,1
IIG_433,1
IIG_434,1
IIG_435,1
IIG_436,1
IIG_437,1
IIG_438,1
IIG_439,1
IIG_440,1
IIG_441,1
IIG_442,1
IIG_443,1
IIG_444,1
IIG_445,1
IIG_446,1
IIG_447,1
IIG_448,1
IIG_449,1
IIG_450,1
IIG_451,1
IIG_452,1
IIG_453,1
IIG_454,1
IIG_455,1
IIG_456,1
IIG_457,1
IIG_432,1
IIG_431,1
IIG_430,1
IIG_416,1
IIG_405,1
IIG_406,1
IIG_407,1
IIG_408,1
IIG_409,1
IIG_410,1
IIG_411,1
IIG_412,1
IIG_413,1
IIG_414,1
IIG_415,1
IIG_417,1
IIG_429,1
IIG_418,1
IIG_419,1
IIG_420,1
IIG_421,1
IIG_422,1
IIG_423,1
IIG_424,1
IIG_425,1
IIG_426,1
IIG_427,1
IIG_428,1
IIG_347,1
IIG_345,1
IIG_233,1
IIG_288,1
IIG_262,1
IIG_263,1
IIG_264,1
IIG_265,1
IIG_266,1
IIG_267,1
IIG_268,1
IIG_269,1
IIG_270,1
IIG_271,1
IIG_272,1
IIG_273,1
IIG_274,1
IIG_275,1
IIG_276,1
IIG_277,1
IIG_278,1
IIG_279,1
IIG_280,1
IIG_281,1
IIG_282,1
IIG_283,1
IIG_284,1
IIG_285,1
IIG_286,1
IIG_261,1
IIG_260,1
IIG_259,1
IIG_245,1
IIG_234,1
IIG_235,1
IIG_236,1
IIG_237,1
IIG_238,1
IIG_239,1
IIG_240,1
IIG_241,1
IIG_242,1
IIG_243,1
IIG_244,1
IIG_246,1
IIG_258,1
IIG_247,1
IIG_248,1
IIG_249,1
IIG_250,1
IIG_251,1
IIG_252,1
IIG_253,1
IIG_254,1
IIG_255,1
IIG_256,1
IIG_257,1
IIG_287,1
IIG_289,1
IIG_344,1
IIG_290,1
IIG_319,1
IIG_320,1
IIG_321,1
IIG_322,1
IIG_323,1
IIG_324,1
IIG_325,1
IIG_326,1
IIG_327,1
IIG_328,1
IIG_329,1
IIG_330,1
IIG_331,1
IIG_332,1
IIG_333,1
IIG_334,1
IIG_335,1
IIG_336,1
IIG_337,1
IIG_338,1
IIG_339,1
IIG_340,1
IIG_341,1
IIG_342,1
IIG_343,1
IIG_318,1
IIG_317,1
IIG_316,1
IIG_302,1
IIG_291,1
IIG_292,1
IIG_293,1
IIG_294,1
IIG_295,1
IIG_296,1
IIG_297,1
IIG_298,1
IIG_299,1
IIG_300,1
IIG_301,1
IIG_303,1
IIG_315,1
IIG_304,1
IIG_305,1
IIG_306,1
IIG_307,1
IIG_308,1
IIG_309,1
IIG_310,1
IIG_311,1
IIG_312,1
IIG_313,1
IIG_314,1
IIG_917,1
IIG_918,1
IIG_919,1
IIG_1521,1
IIG_1523,1
IIG_1524,1
IIG_1525,1
IIG_1526,1
IIG_1527,1
IIG_1528,1
IIG_1529,1
IIG_1530,1
IIG_1531,1
IIG_1532,1
IIG_1533,1
IIG_1534,1
IIG_1535,1
IIG_1536,1
IIG_1537,1
IIG_1538,1
IIG_1539,1
IIG_1540,1
IIG_1541,1
IIG_1542,1
IIG_1543,1
IIG_1544,1
IIG_1545,1
IIG_1546,1
IIG_1547,1
IIG_1522,1
IIG_1520,1
IIG_1377,1
IIG_1519,1
IIG_1494,1
IIG_1495,1
IIG_1496,1
IIG_1497,1
IIG_1498,1
IIG_1499,1
IIG_1500,1
IIG_1501,1
IIG_1502,1
IIG_1503,1
IIG_1504,1
IIG_1505,1
IIG_1506,1
IIG_1507,1
IIG_1508,1
IIG_1509,1
IIG_1510,1
IIG_1511,1
IIG_1512,1
IIG_1513,1
IIG_1514,1
IIG_1515,1
IIG_1516,1
IIG_1517,1
IIG_1518,1
IIG_1548,1
IIG_1549,1
IIG_1550,1
IIG_1551,1
IIG_1580,1
IIG_1581,1
IIG_1582,1
IIG_1583,1
IIG_1584,1
IIG_1585,1
IIG_1586,1
IIG_1587,1
IIG_1588,1
IIG_1589,1
IIG_1590,1
IIG_1591,1
IIG_1592,1
IIG_1593,1
IIG_1594,1
IIG_1595,1
IIG_1596,1
IIG_1597,1
IIG_1598,1
IIG_1599,1
IIG_1600,1
IIG_1601,1
IIG_1602,1
IIG_1603,1
IIG_1604,1
IIG_1579,1
IIG_1578,1
IIG_1577,1
IIG_1563,1
IIG_1552,1
IIG_1553,1
IIG_1554,1
IIG_1555,1
IIG_1556,1
IIG_1557,1
IIG_1558,1
IIG_1559,1
IIG_1560,1
IIG_1561,1
IIG_1562,1
IIG_1564,1
IIG_1576,1
IIG_1565,1
IIG_1566,1
IIG_1567,1
IIG_1568,1
IIG_1569,1
IIG_1570,1
IIG_1571,1
IIG_1572,1
IIG_1573,1
IIG_1574,1
IIG_1575,1
IIG_1493,1
IIG_1492,1
IIG_1491,1
IIG_1433,1
IIG_1407,1
IIG_1408,1
IIG_1409,1
IIG_1410,1
IIG_1411,1
IIG_1412,1
IIG_1413,1
IIG_1414,1
IIG_1415,1
IIG_1416,1
IIG_1417,1
IIG_1418,1
IIG_1419,1
IIG_1420,1
IIG_1421,1
IIG_1422,1
IIG_1423,1
IIG_1424,1
IIG_1425,1
IIG_1426,1
IIG_1427,1
IIG_1428,1
IIG_1429,1
IIG_1430,1
IIG_1431,1
IIG_1406,1
IIG_1405,1
IIG_1404,1
IIG_1390,1
IIG_1379,1
IIG_1380,1
IIG_1381,1
IIG_1382,1
IIG_1383,1
IIG_1384,1
IIG_1385,1
IIG_1386,1
IIG_1387,1
IIG_1388,1
IIG_1389,1
IIG_1391,1
IIG_1403,1
IIG_1392,1
IIG_1393,1
IIG_1394,1
IIG_1395,1
IIG_1396,1
IIG_1397,1
IIG_1398,1
IIG_1399,1
IIG_1400,1
IIG_1401,1
IIG_1402,1
IIG_1432,1
IIG_1434,1
IIG_1490,1
IIG_1435,1
IIG_1465,1
IIG_1466,1
IIG_1467,1
IIG_1468,1
IIG_1469,1
IIG_1470,1
IIG_1471,1
IIG_1472,1
IIG_1473,1
IIG_1474,1
IIG_1475,1
IIG_1476,1
IIG_1477,1
IIG_1478,1
IIG_1479,1
IIG_1480,1
IIG_1481,1
IIG_1482,1
IIG_1483,1
IIG_1484,1
IIG_1485,1
IIG_1486,1
IIG_1487,1
IIG_1488,1
IIG_1489,1
IIG_1464,1
IIG_1463,1
IIG_1462,1
IIG_1447,1
IIG_1436,1
IIG_1437,1
IIG_1438,1
IIG_1439,1
IIG_1440,1
IIG_1441,1
IIG_1442,1
IIG_1443,1
IIG_1444,1
IIG_1445,1
IIG_1446,1
IIG_1448,1
IIG_1461,1
IIG_1449,1
IIG_1450,1
IIG_1452,1
IIG_1453,1
IIG_1454,1
IIG_1455,1
IIG_1456,1
IIG_1457,1
IIG_1458,1
IIG_1459,1
IIG_1460,1
IIG_1605,1
IIG_1606,1
IIG_1607,1
IIG_1777,1
IIG_1751,1
IIG_1752,1
IIG_1753,1
IIG_1754,1
IIG_1755,1
IIG_1756,1
IIG_1757,1
IIG_1758,1
IIG_1759,1
IIG_1760,1
IIG_1761,1
IIG_1762,1
IIG_1763,1
IIG_1764,1
IIG_1765,1
IIG_1766,1
IIG_1767,1
IIG_1768,1
IIG_1769,1
IIG_1770,1
IIG_1771,1
IIG_1772,1
IIG_1773,1
IIG_1774,1
IIG_1775,1
IIG_1750,1
IIG_1749,1
IIG_1748,1
IIG_1734,1
IIG_1723,1
IIG_1724,1
IIG_1725,1
IIG_1726,1
IIG_1727,1
IIG_1728,1
IIG_1729,1
IIG_1730,1
IIG_1731,1
IIG_1732,1
IIG_1733,1
IIG_1735,1
IIG_1747,1
IIG_1736,1
IIG_1737,1
IIG_1738,1
IIG_1739,1
IIG_1740,1
IIG_1741,1
IIG_1742,1
IIG_1743,1
IIG_1744,1
IIG_1745,1
IIG_1746,1
IIG_1776,1
IIG_1778,1
IIG_1721,1
IIG_1779,1
IIG_1808,1
IIG_1809,1
IIG_1810,1
IIG_1811,1
IIG_1812,1
IIG_1813,1
IIG_1814,1
IIG_1815,1
IIG_1816,1
IIG_1817,1
IIG_1818,1
IIG_1819,1
IIG_1820,1
IIG_1821,1
IIG_1822,1
IIG_1823,1
IIG_1824,1
IIG_1825,1
IIG_1826,1
IIG_1827,1
IIG_1828,1
IIG_1829,1
IIG_1830,1
IIG_1831,1
IIG_1832,1
IIG_1807,1
IIG_1806,1
IIG_1805,1
IIG_1791,1
IIG_1780,1
IIG_1781,1
IIG_1782,1
IIG_1783,1
IIG_1784,1
IIG_1785,1
IIG_1786,1
IIG_1787,1
IIG_1788,1
IIG_1789,1
IIG_1790,1
IIG_1792,1
IIG_1804,1
IIG_1793,1
IIG_1794,1
IIG_1795,1
IIG_1796,1
IIG_1797,1
IIG_1798,1
IIG_1799,1
IIG_1800,1
IIG_1801,1
IIG_1802,1
IIG_1803,1
IIG_1722,1
IIG_1720,1
IIG_1608,1
IIG_1663,1
IIG_1637,1
IIG_1638,1
IIG_1639,1
IIG_1640,1
IIG_1641,1
IIG_1642,1
IIG_1643,1
IIG_1644,1
IIG_1645,1
IIG_1646,1
IIG_1647,1
IIG_1648,1
IIG_1649,1
IIG_1650,1
IIG_1651,1
IIG_1652,1
IIG_1653,1
IIG_1654,1
IIG_1655,1
IIG_1656,1
IIG_1657,1
IIG_1658,1
IIG_1659,1
IIG_1660,1
IIG_1661,1
IIG_1636,1
IIG_1635,1
IIG_1634,1
IIG_1620,1
IIG_1609,1
IIG_1610,1
IIG_1611,1
IIG_1612,1
IIG_1613,1
IIG_1614,1
IIG_1615,1
IIG_1616,1
IIG_1617,1
IIG_1618,1
IIG_1619,1
IIG_1621,1
IIG_1633,1
IIG_1622,1
IIG_1623,1
IIG_1624,1
IIG_1625,1
IIG_1626,1
IIG_1627,1
IIG_1628,1
IIG_1629,1
IIG_1630,1
IIG_1631,1
IIG_1632,1
IIG_1662,1
IIG_1664,1
IIG_1719,1
IIG_1665,1
IIG_1694,1
IIG_1695,1
IIG_1696,1
IIG_1697,1
IIG_1698,1
IIG_1699,1
IIG_1700,1
IIG_1701,1
IIG_1702,1
IIG_1703,1
IIG_1704,1
IIG_1705,1
IIG_1706,1
IIG_1707,1
IIG_1708,1
IIG_1709,1
IIG_1710,1
IIG_1711,1
IIG_1712,1
IIG_1713,1
IIG_1714,1
IIG_1715,1
IIG_1716,1
IIG_1717,1
IIG_1718,1
IIG_1693,1
IIG_1692,1
IIG_1691,1
IIG_1677,1
IIG_1666,1
IIG_1667,1
IIG_1668,1
IIG_1669,1
IIG_1670,1
IIG_1671,1
IIG_1672,1
IIG_1673,1
IIG_1674,1
IIG_1675,1
IIG_1676,1
IIG_1678,1
IIG_1690,1
IIG_1679,1
IIG_1680,1
IIG_1681,1
IIG_1682,1
IIG_1683,1
IIG_1684,1
IIG_1685,1
IIG_1686,1
IIG_1687,1
IIG_1688,1
IIG_1689,1
IIG_1378,1
IIG_1376,1
IIG_920,1
IIG_1062,1
IIG_1064,1
IIG_1065,1
IIG_1066,1
IIG_1067,1
IIG_1068,1
IIG_1069,1
IIG_1070,1
IIG_1071,1
IIG_1072,1
IIG_1073,1
IIG_1074,1
IIG_1075,1
IIG_1076,1
IIG_1077,1
IIG_1078,1
IIG_1079,1
IIG_1080,1
IIG_1081,1
IIG_1082,1
IIG_1083,1
IIG_1084,1
IIG_1085,1
IIG_1086,1
IIG_1087,1
IIG_1088,1
IIG_1063,1
IIG_1061,1
IIG_1375,1
IIG_1060,1
IIG_1035,1
IIG_1036,1
IIG_1037,1
IIG_1038,1
IIG_1039,1
IIG_1040,1
IIG_1041,1
IIG_1042,1
IIG_1043,1
IIG_1044,1
IIG_1045,1
IIG_1046,1
IIG_1047,1
IIG_1048,1
IIG_1049,1
IIG_1050,1
IIG_1051,1
IIG_1052,1
IIG_1053,1
IIG_1054,1
IIG_1055,1
IIG_1056,1
IIG_1057,1
IIG_1058,1
IIG_1059,1
IIG_1089,1
IIG_1090,1
IIG_1091,1
IIG_1092,1
IIG_1121,1
IIG_1122,1
IIG_1123,1
IIG_1124,1
IIG_1125,1
IIG_1126,1
IIG_1127,1
IIG_1128,1
IIG_1129,1
IIG_1130,1
IIG_1131,1
IIG_1132,1
IIG_1133,1
IIG_1134,1
IIG_1135,1
IIG_1136,1
IIG_1137,1
IIG_1138,1
IIG_1139,1
IIG_1140,1
IIG_1141,1
IIG_1142,1
IIG_1143,1
IIG_1144,1
IIG_1145,1
IIG_1120,1
IIG_1119,1
IIG_1118,1
IIG_1104,1
IIG_1093,1
IIG_1094,1
IIG_1095,1
IIG_1096,1
IIG_1097,1
IIG_1098,1
IIG_1099,1
IIG_1100,1
IIG_1101,1
IIG_1102,1
IIG_1103,1
IIG_1105,1
IIG_1117,1
IIG_1106,1
IIG_1107,1
IIG_1108,1
IIG_1109,1
IIG_1110,1
IIG_1111,1
IIG_1112,1
IIG_1113,1
IIG_1114,1
IIG_1115,1
IIG_1116,1
IIG_1034,1
IIG_1033,1
IIG_1032,1
IIG_975,1
IIG_949,1
IIG_950,1
IIG_951,1
IIG_952,1
IIG_953,1
IIG_954,1
IIG_955,1
IIG_956,1
IIG_957,1
IIG_958,1
IIG_959,1
IIG_960,1
IIG_961,1
IIG_962,1
IIG_963,1
IIG_964,1
IIG_965,1
IIG_966,1
IIG_967,1
IIG_968,1
IIG_969,1
IIG_970,1
IIG_971,1
IIG_972,1
IIG_973,1
IIG_948,1
IIG_947,1
IIG_946,1
IIG_932,1
IIG_921,1
IIG_922,1
IIG_923,1
IIG_924,1
IIG_925,1
IIG_926,1
IIG_927,1
IIG_928,1
IIG_929,1
IIG_930,1
IIG_931,1
IIG_933,1
IIG_945,1
IIG_934,1
IIG_935,1
IIG_936,1
IIG_937,1
IIG_938,1
IIG_939,1
IIG_940,1
IIG_941,1
IIG_942,1
IIG_943,1
IIG_944,1
IIG_974,1
IIG_976,1
IIG_1031,1
IIG_977,1
IIG_1006,1
IIG_1007,1
IIG_1008,1
IIG_1009,1
IIG_1010,1
IIG_1011,1
IIG_1012,1
IIG_1013,1
IIG_1014,1
IIG_1015,1
IIG_1016,1
IIG_1017,1
IIG_1018,1
IIG_1019,1
IIG_1020,1
IIG_1021,1
IIG_1022,1
IIG_1023,1
IIG_1024,1
IIG_1025,1
IIG_1026,1
IIG_1027,1
IIG_1028,1
IIG_1029,1
IIG_1030,1
IIG_1005,1
IIG_1004,1
IIG_1003,1
IIG_989,1
IIG_978,1
IIG_979,1
IIG_980,1
IIG_981,1
IIG_982,1
IIG_983,1
IIG_984,1
IIG_985,1
IIG_986,1
IIG_987,1
IIG_988,1
IIG_990,1
IIG_1002,1
IIG_991,1
IIG_992,1
IIG_993,1
IIG_994,1
IIG_995,1
IIG_996,1
IIG_997,1
IIG_998,1
IIG_999,1
IIG_1000,1
IIG_1001,1
IIG_1146,1
IIG_1147,1
IIG_1148,1
IIG_1319,1
IIG_1293,1
IIG_1294,1
IIG_1295,1
IIG_1296,1
IIG_1297,1
IIG_1298,1
IIG_1299,1
IIG_1300,1
IIG_1301,1
IIG_1302,1
IIG_1303,1
IIG_1304,1
IIG_1305,1
IIG_1306,1
IIG_1307,1
IIG_1308,1
IIG_1309,1
IIG_1310,1
IIG_1311,1
IIG_1312,1
IIG_1313,1
IIG_1314,1
IIG_1315,1
IIG_1316,1
IIG_1317,1
IIG_1292,1
IIG_1291,1
IIG_1290,1
IIG_1276,1
IIG_1265,1
IIG_1266,1
IIG_1267,1
IIG_1268,1
IIG_1269,1
IIG_1270,1
IIG_1271,1
IIG_1272,1
IIG_1273,1
IIG_1274,1
IIG_1275,1
IIG_1277,1
IIG_1289,1
IIG_1278,1
IIG_1279,1
IIG_1280,1
IIG_1281,1
IIG_1282,1
IIG_1283,1
IIG_1284,1
IIG_1285,1
IIG_1286,1
IIG_1287,1
IIG_1288,1
IIG_1318,1
IIG_1320,1
IIG_1263,1
IIG_1321,1
IIG_1350,1
IIG_1351,1
IIG_1352,1
IIG_1353,1
IIG_1354,1
IIG_1355,1
IIG_1356,1
IIG_1357,1
IIG_1358,1
IIG_1359,1
IIG_1360,1
IIG_1361,1
IIG_1362,1
IIG_1363,1
IIG_1364,1
IIG_1365,1
IIG_1366,1
IIG_1367,1
IIG_1368,1
IIG_1369,1
IIG_1370,1
IIG_1371,1
IIG_1372,1
IIG_1373,1
IIG_1374,1
IIG_1349,1
IIG_1348,1
IIG_1347,1
IIG_1333,1
IIG_1322,1
IIG_1323,1
IIG_1324,1
IIG_1325,1
IIG_1326,1
IIG_1327,1
IIG_1328,1
IIG_1329,1
IIG_1330,1
IIG_1331,1
IIG_1332,1
IIG_1334,1
IIG_1346,1
IIG_1335,1
IIG_1336,1
IIG_1337,1
IIG_1338,1
IIG_1339,1
IIG_1340,1
IIG_1341,1
IIG_1342,1
IIG_1343,1
IIG_1344,1
IIG_1345,1
IIG_1264,1
IIG_1262,1
IIG_1149,1
IIG_1204,1
IIG_1178,1
IIG_1179,1
IIG_1180,1
IIG_1181,1
IIG_1182,1
IIG_1183,1
IIG_1184,1
IIG_1185,1
IIG_1186,1
IIG_1187,1
IIG_1188,1
IIG_1189,1
IIG_1190,1
IIG_1191,1
IIG_1192,1
IIG_1193,1
IIG_1194,1
IIG_1195,1
IIG_1196,1
IIG_1197,1
IIG_1198,1
IIG_1199,1
IIG_1200,1
IIG_1201,1
IIG_1202,1
IIG_1177,1
IIG_1176,1
IIG_1175,1
IIG_1161,1
IIG_1150,1
IIG_1151,1
IIG_1152,1
IIG_1153,1
IIG_1154,1
IIG_1155,1
IIG_1156,1
IIG_1157,1
IIG_1158,1
IIG_1159,1
IIG_1160,1
IIG_1162,1
IIG_1174,1
IIG_1163,1
IIG_1164,1
IIG_1165,1
IIG_1166,1
IIG_1167,1
IIG_1168,1
IIG_1169,1
IIG_1170,1
IIG_1171,1
IIG_1172,1
IIG_1173,1
IIG_1203,1
IIG_1205,1
IIG_1261,1
IIG_1206,1
IIG_1236,1
IIG_1237,1
IIG_1238,1
IIG_1239,1
IIG_1240,1
IIG_1241,1
IIG_1242,1
IIG_1243,1
IIG_1244,1
IIG_1245,1
IIG_1246,1
IIG_1247,1
IIG_1248,1
IIG_1249,1
IIG_1250,1
IIG_1251,1
IIG_1252,1
IIG_1253,1
IIG_1254,1
IIG_1255,1
IIG_1256,1
IIG_1257,1
IIG_1258,1
IIG_1259,1
IIG_1260,1
IIG_1235,1
IIG_1234,1
IIG_1233,1
IIG_1218,1
IIG_1207,1
IIG_1208,1
IIG_1209,1
IIG_1210,1
IIG_1211,1
IIG_1212,1
IIG_1213,1
IIG_1214,1
IIG_1215,1
IIG_1216,1
IIG_1217,1
IIG_1219,1
IIG_1232,1
IIG_1220,1
IIG_1221,1
IIG_1222,1
IIG_1223,1
IIG_1224,1
IIG_1225,1
IIG_1226,1
IIG_1227,1
IIG_1228,1
IIG_1230,1
IIG_1231,1
IIG_3667,1
Null values,0
